-- Clean slate
TRUNCATE categories, routes, stops, route_stops, fare_rules RESTART IDENTITY CASCADE;

-- Insert categories
INSERT INTO categories (id, name, color_hex) VALUES
(1, 'Centro–Chapultepec', '#3DBFA8');

-- Insert routes
INSERT INTO routes (id, name, short_name, category_id, description, geom, direction, is_active) VALUES
(1, 'R1 — Centro–Chapultepec', 'R1', 1, 'Ruta troncal de Centro a Chapultepec por Av. Reforma', 
  ST_GeomFromText('LINESTRING(-116.624975 31.867987, -116.624972 31.867992, -116.62497 31.868007, -116.624977 31.868021, -116.625435 31.868221, -116.625463 31.868166, -116.625477 31.868127, -116.625514 31.868023, -116.625578 31.867842, -116.624778 31.867222, -116.624668 31.867146, -116.624584 31.867103, -116.624393 31.867021, -116.623376 31.866686, -116.623479 31.866505, -116.623669 31.866083, -116.623876 31.865628, -116.622688 31.865182, -116.621452 31.864739, -116.621244 31.864661, -116.621026 31.86458, -116.620255 31.864291, -116.619013 31.863847, -116.618411 31.863632, -116.618307 31.863595, -116.618092 31.863518, -116.617931 31.86346, -116.617855 31.863433, -116.617318 31.863228, -116.617237 31.863198, -116.616596 31.862963, -116.615374 31.862516, -116.614167 31.862074, -116.612914 31.861616, -116.611721 31.861179, -116.610519 31.860739, -116.611028 31.859703, -116.611501 31.858741, -116.611539 31.858663, -116.611588 31.858563, -116.612007 31.857711, -116.612035 31.857655, -116.612068 31.857586, -116.611941 31.857538, -116.610677 31.857065, -116.610491 31.856995, -116.610479 31.856934, -116.610095 31.854904, -116.609912 31.854013, -116.609735 31.85315, -116.609652 31.852738, -116.609378 31.851422, -116.609288 31.850949, -116.609208 31.850526, -116.609185 31.850417, -116.609166 31.850321, -116.609127 31.85013, -116.609122 31.850103, -116.609116 31.850072, -116.609107 31.850025, -116.609063 31.849806, -116.608971 31.84934, -116.608727 31.848105, -116.60871 31.848019, -116.608571 31.847319, -116.608555 31.847233, -116.608464 31.846773, -116.608396 31.846429, -116.608377 31.846356, -116.607952 31.846411, -116.607649 31.846406, -116.607016 31.846395, -116.605004 31.846372, -116.604598 31.84638, -116.60417 31.846389, -116.603029 31.846547, -116.602933 31.846556, -116.602748 31.846578, -116.602763 31.84666, -116.603014 31.847932, -116.602453 31.848011, -116.601952 31.848083, -116.601937 31.848009, -116.601693 31.846809, -116.602196 31.84674, -116.602763 31.84666, -116.602748 31.846578, -116.602723 31.846454, -116.60271 31.846373, -116.602662 31.846131, -116.602662 31.846126, -116.60256 31.845608, -116.602214 31.843851, -116.602118 31.843359, -116.602054 31.843037, -116.601949 31.842501, -116.601849 31.841988, -116.601827 31.841878, -116.600655 31.842044, -116.600621 31.842005, -116.600562 31.841966, -116.600469 31.841868, -116.600449 31.841813, -116.600392 31.841526, -116.600283 31.840979, -116.600177 31.84045, -116.600052 31.839844, -116.599935 31.839252, -116.599829 31.838719, -116.599724 31.838184, -116.599671 31.837915, -116.599668 31.837837, -116.599679 31.837782, -116.599731 31.837751, -116.599773 31.83771, -116.599802 31.837661, -116.599815 31.837608, -116.599814 31.837557, -116.599798 31.837508, -116.599766 31.837458, -116.599721 31.837417, -116.599664 31.837388, -116.599601 31.837371, -116.599564 31.837321, -116.599546 31.837265, -116.599487 31.836972, -116.599379 31.836422, -116.599277 31.835884, -116.599165 31.835319, -116.599069 31.834824, -116.598979 31.834365, -116.598893 31.833917, -116.598879 31.833836, -116.598769 31.833283, -116.598659 31.83272, -116.598551 31.832163, -116.598438 31.831584, -116.598114 31.829911, -116.598004 31.829351, -116.597899 31.828807, -116.597788 31.828237, -116.597673 31.82765, -116.597649 31.827525, -116.597612 31.827331, -116.597593 31.827236, -116.597516 31.826789, -116.597516 31.826713, -116.597531 31.826626, -116.597606 31.826434, -116.597678 31.826306, -116.597734 31.826248, -116.597766 31.826177, -116.597772 31.826102, -116.597749 31.826029, -116.597701 31.825965, -116.597633 31.825917, -116.59755 31.82589, -116.597492 31.825884, -116.597396 31.825831, -116.597295 31.825762, -116.597209 31.825682, -116.596861 31.825302, -116.596698 31.825085, -116.596621 31.824984, -116.596488 31.824806, -116.596401 31.824645, -116.596366 31.82454, -116.596366 31.824412, -116.596366 31.824392, -116.596806 31.82296, -116.596815 31.822926, -116.596858 31.822755, -116.596904 31.822562, -116.596939 31.822391, -116.596939 31.822213, -116.596894 31.821977, -116.596814 31.821753, -116.596444 31.821203, -116.596391 31.821121, -116.596369 31.821068, -116.596073 31.819479, -116.59606 31.819415, -116.596052 31.819373, -116.595718 31.817658, -116.595573 31.816934, -116.595541 31.816769, -116.595166 31.814943, -116.595146 31.814821, -116.595083 31.814453, -116.594988 31.81421, -116.594898 31.814032, -116.594723 31.813828, -116.594502 31.813622, -116.594112 31.813374, -116.592076 31.812267, -116.591958 31.81218, -116.591825 31.81206, -116.591213 31.811316, -116.590809 31.810844, -116.590727 31.810773, -116.590637 31.810671, -116.590608 31.810597, -116.590091 31.808042, -116.590066 31.807923, -116.58999 31.807538, -116.589846 31.806815, -116.589706 31.806109, -116.589598 31.805571, -116.589469 31.804931, -116.589447 31.80482, -116.589337 31.804315, -116.589008 31.80332, -116.588857 31.802525, -116.58867 31.801645, -116.588366 31.800115, -116.58835 31.800033, -116.588022 31.798425, -116.587837 31.797426, -116.587571 31.796093, -116.587322 31.794852, -116.587037 31.793405, -116.586726 31.791953, -116.586612 31.791395, -116.586449 31.790597, -116.586382 31.790254, -116.586193 31.78926, -116.586116 31.788873, -116.586062 31.788598, -116.585787 31.787099, -116.585647 31.786282, -116.585598 31.786057, -116.585557 31.785868, -116.585523 31.785711, -116.585494 31.785541, -116.585371 31.784761, -116.585323 31.784353, -116.585313 31.784267, -116.585304 31.78417, -116.585286 31.784064, -116.58523 31.783799, -116.585126 31.783308, -116.584936 31.782329, -116.584912 31.782207, -116.584762 31.781436, -116.584698 31.781103, -116.584593 31.780945, -116.584529 31.780617, -116.584431 31.780119, -116.584414 31.780034, -116.584338 31.779646, -116.582351 31.779922, -116.580525 31.780176, -116.580047 31.780243, -116.578437 31.780467, -116.578284 31.780489, -116.578301 31.780577, -116.57838 31.780985, -116.578479 31.781493, -116.579 31.784179, -116.579181 31.784155, -116.581232 31.783868, -116.582717 31.783648, -116.585 31.783328, -116.585126 31.783308, -116.585709 31.783219, -116.586334 31.783123, -116.586713 31.783065, -116.589011 31.782713, -116.58983 31.782587, -116.589936 31.783124, -116.590301 31.78497, -116.589022 31.785169, -116.590004 31.785016, -116.590301 31.78497, -116.590381 31.785376, -116.590458 31.785768, -116.590537 31.786169, -116.590611 31.78654, -116.590665 31.786816, -116.591921 31.786633, -116.592109 31.787589, -116.592425 31.789178, -116.592782 31.790977, -116.592799 31.791059, -116.592812 31.791128, -116.593518 31.794708, -116.593555 31.794895, -116.593869 31.796487, -116.59388 31.796542, -116.593896 31.796619, -116.593966 31.796959, -116.593992 31.797085, -116.594422 31.799165, -116.59461 31.800204, -116.594691 31.800641, -116.595341 31.803894, -116.595348 31.803924, -116.595358 31.803975, -116.595384 31.804104, -116.595394 31.804154, -116.5954 31.804183, -116.595477 31.804576, -116.595728 31.805838, -116.59606 31.807509, -116.596073 31.807592, -116.596246 31.808463, -116.596327 31.808872, -116.596366 31.809064, -116.59649 31.809691, -116.596537 31.809927, -116.59654 31.809942, -116.596547 31.809976, -116.596562 31.810055, -116.596574 31.810115, -116.596659 31.810547, -116.596768 31.811092, -116.59686 31.811572, -116.597081 31.812695, -116.597236 31.813478, -116.597334 31.813969, -116.597429 31.814449, -116.597433 31.814469, -116.597441 31.814508, -116.597464 31.81462, -116.597472 31.814666, -116.597505 31.814859, -116.597569 31.815128, -116.597692 31.815729, -116.597702 31.815781, -116.597806 31.816302, -116.597826 31.816402, -116.597852 31.816531, -116.598119 31.817898, -116.598183 31.818225, -116.598271 31.818675, -116.598279 31.818714, -116.598289 31.818768, -116.598333 31.819002, -116.598335 31.819013, -116.598346 31.81907, -116.598355 31.819124, -116.598362 31.819162, -116.598371 31.819206, -116.598851 31.821551, -116.59899 31.822281, -116.599177 31.823251, -116.599184 31.82328, -116.599419 31.824435, -116.599634 31.825509, -116.599638 31.825529, -116.599649 31.825582, -116.599677 31.825711, -116.599686 31.825759, -116.599712 31.825904, -116.599903 31.82691, -116.599918 31.826989, -116.599956 31.827178, -116.600067 31.827741, -116.600142 31.828118, -116.600237 31.828595, -116.600294 31.828884, -116.600476 31.829804, -116.600581 31.830326, -116.600597 31.830411, -116.600614 31.830494, -116.601211 31.833507, -116.601226 31.833585, -116.60137 31.834322, -116.601464 31.834421, -116.601564 31.834945, -116.601606 31.834973, -116.601686 31.834969, -116.60206 31.834917, -116.602554 31.834846, -116.603417 31.834724, -116.604264 31.834605, -116.605105 31.834486, -116.605999 31.83436, -116.606921 31.834229, -116.607783 31.834108, -116.608666 31.833983, -116.609578 31.833855, -116.60967 31.834118, -116.609662 31.834251, -116.610007 31.836106, -116.610081 31.83648, -116.610446 31.838317, -116.610459 31.83838, -116.610674 31.839343, -116.610998 31.840609, -116.611319 31.841917, -116.611765 31.843355, -116.612079 31.844244, -116.612527 31.845411, -116.612646 31.845702, -116.61266 31.845733, -116.612676 31.845765, -116.612703 31.845833, -116.612728 31.845895, -116.612903 31.846304, -116.613131 31.846771, -116.613464 31.847627, -116.613617 31.847946, -116.613658 31.848028, -116.614019 31.84874, -116.614079 31.848866, -116.614464 31.849555, -116.61453 31.849646, -116.614743 31.849956, -116.614826 31.85007, -116.614963 31.850257, -116.615262 31.850773, -116.615796 31.852138, -116.616435 31.853476, -116.616987 31.85443, -116.617136 31.854363, -116.617795 31.854109, -116.618297 31.854856, -116.618699 31.855453, -116.618103 31.855777, -116.617936 31.855871, -116.618863 31.856976, -116.618924 31.857045, -116.619535 31.857664, -116.619992 31.858131, -116.620119 31.858264, -116.620299 31.858454, -116.620501 31.858658, -116.620535 31.858693, -116.620674 31.858812, -116.620834 31.858932, -116.621024 31.859054, -116.621086 31.859089, -116.62114 31.859118, -116.621235 31.859169, -116.621326 31.859218, -116.621439 31.859285, -116.622348 31.859827, -116.622459 31.859893, -116.622561 31.859951, -116.623563 31.860522, -116.623415 31.860805, -116.623183 31.861249, -116.623147 31.861318, -116.623114 31.861386, -116.622936 31.86176, -116.622916 31.861801, -116.622846 31.861947, -116.62259 31.862485, -116.622546 31.862564, -116.62249 31.862663, -116.622444 31.862758, -116.622349 31.862952, -116.622257 31.863141, -116.621971 31.863703, -116.621713 31.864223, -116.621452 31.864739, -116.62124 31.865158, -116.621212 31.865215, -116.621122 31.8654, -116.620984 31.865678, -116.620936 31.865773, -116.62153 31.865995, -116.622142 31.866223, -116.623376 31.866686, -116.624393 31.867021, -116.624584 31.867103, -116.624668 31.867146, -116.624778 31.867222, -116.625578 31.867842, -116.625514 31.868023, -116.625477 31.868127, -116.625463 31.868166, -116.625435 31.868221, -116.624977 31.868021, -116.62497 31.868007, -116.624972 31.867992, -116.624975 31.867987)', 4326),
  'circular', true);

-- Insert stops
INSERT INTO stops (id, name, common_name, geom, is_terminal, accessible) VALUES
(1, 'Terminal Centro', 'Terminal Centro', ST_SetSRID(ST_MakePoint(-116.624975, 31.867987), 4326), true, true),
(2, 'Calle Segunda y Gastélum', 'Parque Revolución', ST_SetSRID(ST_MakePoint(-116.62125473102198, 31.865128885385822), 4326), false, true),
(3, 'Calle Segunda y Floresta', 'Calle 2da & Floresta', ST_SetSRID(ST_MakePoint(-116.61719925423616, 31.86318416184945), 4326), false, false),
(4, 'Calle Segunda y Espinoza', 'Calle 2da & Espinoza', ST_SetSRID(ST_MakePoint(-116.612068, 31.857586), 4326), false, false),
(5, 'Calle Segunda y Rayón', 'Calle 2da & Rayón', ST_SetSRID(ST_MakePoint(-116.60991299996736, 31.85401786869357), 4326), false, true),
(6, 'Calle Segunda y Kiliwas', 'Calle 2da & Kiliwas', ST_SetSRID(ST_MakePoint(-116.603014, 31.847932), 4326), false, false),
(7, 'Avenida Reforma y Calle Diamante', 'Reforma & Diamante', ST_SetSRID(ST_MakePoint(-116.60193773408174, 31.84801262146991), 4326), false, true),
(8, 'Avenida Reforma y Calle Plita', 'Reforma & Plita', ST_SetSRID(ST_MakePoint(-116.6023491677326, 31.844537386434), 4326), false, false),
(9, 'Avenida Reforma y Calle Delante', 'Reforma & Delante', ST_SetSRID(ST_MakePoint(-116.60042974390899, 31.841716043892646), 4326), false, false),
(10, 'Avenida Reforma UABC Valle Dorado', 'UABC Valle Dorado', ST_SetSRID(ST_MakePoint(-116.59981426644238, 31.838643929015966), 4326), false, true),
(11, 'Avenida Reforma Plaza Sendero', 'Plaza Sendero / Macroplaza', ST_SetSRID(ST_MakePoint(-116.59902563087745, 31.834602817475012), 4326), false, true),
(12, 'Avenida Reforma y Calle Esmeralda', 'Reforma & Esmeralda', ST_SetSRID(ST_MakePoint(-116.59824085517053, 31.8305660268528), 4326), false, false),
(13, 'Avenida Reforma y Calle Alisos', 'Reforma & Alisos', ST_SetSRID(ST_MakePoint(-116.59652740461384, 31.824858737001986), 4326), false, false),
(14, 'Avenida Reforma y Calle Coral', 'Reforma & Calle Coral', ST_SetSRID(ST_MakePoint(-116.59609727573505, 31.819609318050624), 4326), false, false),
(15, 'Avenida Reforma Clinica 8 IMSS', 'IMSS Clinica 8', ST_SetSRID(ST_MakePoint(-116.59274460054239, 31.812630526915726), 4326), false, true),
(16, 'Avenida Reforma y Lázaro Cárdenas', 'Reforma & Lázaro Cárdenas', ST_SetSRID(ST_MakePoint(-116.59007870289463, 31.807983465778435), 4326), false, true),
(17, 'Avenida Reforma y Calle Estancia', 'Reforma & Estancia', ST_SetSRID(ST_MakePoint(-116.58824966486858, 31.799541113136243), 4326), false, true),
(18, 'Avenida Reforma Pórticos del Mar', 'Pórticos del Mar', ST_SetSRID(ST_MakePoint(-116.58621738438711, 31.7893882438137), 4326), false, true),
(19, 'Terminal Chapultepec', 'Terminal Chapultepec', ST_SetSRID(ST_MakePoint(-116.58003405919442, 31.780244800459904), 4326), true, true),
(20, 'Pedro Loyola y Entrada Chapultepec', 'Pedro Loyola & Entrada Chapultepec', ST_SetSRID(ST_MakePoint(-116.59000252859022, 31.785016229252236), 4326), false, false),
(21, 'Pedro Loyola y Pórticos del Mar', 'Pedro Loyola & Pórticos del Mar', ST_SetSRID(ST_MakePoint(-116.59359159751772, 31.79508055174588), 4326), false, true),
(22, 'Pedro Loyola y Calle Lago Powell', 'Pedro Loyola & Lago Powell', ST_SetSRID(ST_MakePoint(-116.59565412650417, 31.805466572303832), 4326), false, false),
(23, 'Pedro Loyola y Calle Estancia', 'Pedro Loyola & Estancia', ST_SetSRID(ST_MakePoint(-116.59771677187103, 31.81585500139241), 4326), false, true),
(24, 'Pedro Loyola y Lázaro Cárdenas', 'Pedro Loyola & Lázaro Cárdenas', ST_SetSRID(ST_MakePoint(-116.59976511553747, 31.826183760370128), 4326), false, true),
(25, 'Pedro Loyola y Clinica 8 IMSS', 'Pedro Loyola & IMSS', ST_SetSRID(ST_MakePoint(-116.60980794506398, 31.835035719112092), 4326), false, true),
(26, 'Pedro Loyola y Calle Esmeralda', 'Pedro Loyola & Esmeralda', ST_SetSRID(ST_MakePoint(-116.6125940426944, 31.845574944740083), 4326), false, false),
(27, 'Blvd. Costero y Sanginés', 'Blvd. Costero & Sanginés', ST_SetSRID(ST_MakePoint(-116.61827126454637, 31.85481770441462), 4326), false, false),
(28, 'Plaza Cívica de la Patria', 'Plaza Cívica', ST_SetSRID(ST_MakePoint(-116.6228541225206, 31.861930058742743), 4326), false, true);

-- Insert route_stops (Sequence mapping)
INSERT INTO route_stops (route_id, stop_id, sequence) VALUES
(1, 1, 1),
(1, 2, 2),
(1, 3, 3),
(1, 4, 4),
(1, 5, 5),
(1, 6, 6),
(1, 7, 7),
(1, 8, 8),
(1, 9, 9),
(1, 10, 10),
(1, 11, 11),
(1, 12, 12),
(1, 13, 13),
(1, 14, 14),
(1, 15, 15),
(1, 16, 16),
(1, 17, 17),
(1, 18, 18),
(1, 19, 19),
(1, 20, 20),
(1, 21, 21),
(1, 22, 22),
(1, 23, 23),
(1, 24, 24),
(1, 25, 25),
(1, 26, 26),
(1, 27, 27),
(1, 28, 28);

-- Insert fare_rules
INSERT INTO fare_rules (route_id, passenger_type, fare_mxn, effective_from, notes) VALUES
(1, 'normal', 13.00, '2024-01-01', 'Tarifa general de microbús 2024'),
(1, 'student_government', 7.00, '2024-01-01', 'Tarifa estudiante con credencial de gobierno'),
(1, 'student_highschool', 10.00, '2024-01-01', 'Tarifa estudiante preparatoria/universidad privada'),
(1, 'disability', 7.00, '2024-01-01', 'Tarifa preferencial para personas con discapacidad');
